product_id,slug,title,noornegar_url,noornegar_price,new_site_price,daily_markup
45755,sony-fx2-digital-cinema-camera, Sony FX2 Digital Cinema Camera,https://noornegar.com/product/sony-fx2-digital-cinema-camera/,475000000.0,475500000.0,500000
45714,sony-a7c-ii-body-black, Sony a7C II body Black,https://noornegar.com/product/sony-a7c-ii-body-black/,360000000.0,360500000.0,500000
45730,sony-fe-70-200mm-f-2-8-gm-oss-lens,Sony FE 70-200mm f/2.8 GM OSS Lens,https://noornegar.com/product/sony-fe-70-200mm-f-2-8-gm-oss-lens/,340000000.0,340500000.0,500000
45742,sony-fe-70-200mm-f-2-8-gm-oss-ii-lens, Sony FE 70-200mm f/2.8 GM OSS II Lens,https://noornegar.com/product/sony-fe-70-200mm-f-2-8-gm-oss-ii-lens/,470000000.0,470500000.0,500000
46293,weifeng-wt-3560-camera-tripod,سه پایه دوربین ویفنگ Weifeng WT-3560 Camera Tripod,https://noornegar.com/product/weifeng-wt-3560-camera-tripod/,5500000.0,6000000.0,500000
45774,sony-sonnar-t-fe-35mm-f-2-8-za, Sony Sonnar T* FE 35mm f/2.8 ZA,https://noornegar.com/product/sony-sonnar-t-fe-35mm-f-2-8-za/,240000000.0,240500000.0,500000
45710,sony-zv-e10-mirrorless-camera-kit-16-50mm, Sony ZV-E10 Mirrorless Camera kit 16-50mm,https://noornegar.com/product/sony-zv-e10-mirrorless-camera-kit-16-50mm/,150000000.0,150500000.0,500000
45790,sony-fe-35mm-f-1-8, Sony FE 35mm f/1.8,https://noornegar.com/product/sony-fe-35mm-f-1-8/,125000000.0,125500000.0,500000
45736,sony-fe-50mm-f-1-2-gm, Sony FE 50mm f/1.2 GM,https://noornegar.com/product/sony-fe-50mm-f-1-2-gm/,340000000.0,340500000.0,500000
45743,sony-fe-35mm-f-1-4-gm,لنزسونی Sony FE 35mm f/1.4 GM,https://noornegar.com/product/sony-fe-35mm-f-1-4-gm/,265000000.0,265500000.0,500000
45731,sony-fe-24-105mm-f-4-g-oss-lens, Sony FE 24-105mm f/4 G OSS ,https://noornegar.com/product/sony-fe-24-105mm-f-4-g-oss-lens/,180000000.0,180500000.0,500000
45737,sony-e-18-135mm-f-3-5-5-6-oss, Sony E 18-135mm f/3.5-5.6 OSS,https://noornegar.com/product/sony-e-18-135mm-f-3-5-5-6-oss/,90000000.0,90500000.0,500000
46294,jmary-monopod-tripod-model-kt-259,سه پایه مونوپاد جیماری Jmary monopod tripod model KT-259,https://noornegar.com/product/jmary-monopod-tripod-model-kt-259/,3150000.0,3650000.0,500000
45792,sony-fe-14mm-f-1-8-gm, Sony FE 14mm f/1.8 GM,https://noornegar.com/product/sony-fe-14mm-f-1-8-gm/,275000000.0,275500000.0,500000
45717,sony-fx30-digital-cinema-camera, Sony FX30 Digital Cinema Camera,https://noornegar.com/product/sony-fx30-digital-cinema-camera/,369800000.0,370300000.0,500000
46295,fanimax-800h-camera-tripod,سه پایه دوربین عکاسی فانیمکس Fanimax 800H Camera Tripod,https://noornegar.com/product/fanimax-800h-camera-tripod/,6900000.0,7400000.0,500000
46305,sony-camera-cage-fx3-fx30,کیج دوربین سونی Sony Camera Cage FX3/FX30,https://noornegar.com/product/sony-camera-cage-fx3-fx30/,15000000.0,15500000.0,500000
45712,sony-alpha-a7r-iv-body, Sony Alpha a7R IV body,https://noornegar.com/product/sony-alpha-a7r-iv-body/,420000000.0,420500000.0,500000
46296,jmary-tripod-kp-2206,سه پایه دوربین جیماری Jmary Tripod KP-2206,https://noornegar.com/product/jmary-tripod-kp-2206/,1000000.0,1500000.0,500000
45793,sony-e-15mm-f-1-4-g,Sony E 15mm f/1.4 G,https://noornegar.com/product/sony-e-15mm-f-1-4-g/,260000000.0,260500000.0,500000
45733,sony-fe-85mm-f-1-8,Sony FE 85mm f/1.8,https://noornegar.com/product/sony-fe-85mm-f-1-8/,109800000.0,110300000.0,500000
45713,sony-a7c-mirrorless-camera-black-body, Sony a7C Mirrorless Camera Black body,https://noornegar.com/product/sony-a7c-mirrorless-camera-black-body/,260000000.0,260500000.0,500000
45739,sony-fe-16-35mm-f-2-8-gm,لنزسونی Sony FE 16-35mm f/2.8 GM,https://noornegar.com/product/sony-fe-16-35mm-f-2-8-gm/,330000000.0,330500000.0,500000
45751,sony-zv-e1-mirrorless-camera-black, Sony ZV-E1 Mirrorless Camera Black,https://noornegar.com/product/sony-zv-e1-mirrorless-camera-black/,415800000.0,416300000.0,500000
45771,sony-e-35mm-f-1-8-oss,Sony E 35mm f/1.8 OSS,https://noornegar.com/product/sony-e-35mm-f-1-8-oss/,125000000.0,125500000.0,500000
45724,sony-a1-ii-mirrorless-camera-body, Sony a1 II Mirrorless Camera Body,https://noornegar.com/product/sony-a1-ii-mirrorless-camera-body/,1500000000.0,1500500000.0,500000
45728,sony-fe-50mm-f-1-8-lens, Sony FE 50mm f/1.8 ,https://noornegar.com/product/sony-fe-50mm-f-1-8-lens/,48000000.0,48500000.0,500000
46308,sony-1-4x-teleconverter-lens,تله کانورتر لنز سونی Sony 1.4x Teleconverter Lens,https://noornegar.com/product/sony-1-4x-teleconverter-lens/,170000000.0,170500000.0,500000
45772,sony-fe-28mm-f-2-lens,Sony FE 28mm f/2 Lens,https://noornegar.com/product/sony-fe-28mm-f-2-lens/,1000000.0,1500000.0,500000
45734,sony-vario-tessar-t-fe-24-70mm-f-4-za-oss,Sony Vario-Tessar T* FE 24-70mm f/4 ZA OSS,https://noornegar.com/product/sony-vario-tessar-t-fe-24-70mm-f-4-za-oss/,1000000.0,1500000.0,500000
45741,sony-fe-85mm-f-1-4-gm, Sony FE 85mm f/1.4 GM,https://noornegar.com/product/sony-fe-85mm-f-1-4-gm/,245000000.0,245500000.0,500000
45773,sony-fe-24mm-f1-4-gm, Sony FE 24mm F1.4 GM,https://noornegar.com/product/sony-fe-24mm-f1-4-gm/,240000000.0,240500000.0,500000
